{"TP": 4068.0, "FP": 12378.0, "TN": 8460.0, "FN": 2487.0, "Precision": 0.24735497993433053, "Recall": 0.6205949656750572, "F1Score": 0.3537237511412547, "Precision_nonsevere": 0.7728144697177309, "Recall_nonsevere": 0.5, "F1Score_nonsevere": 0.6071697706965228, "F1Score_Average": 0.4804467609188887, "cputime_preprocess": 8.455750226974487, "cputime_classifer": 27.52297067642212, "random_seeds": 617427.0}