{"confusionmatrix": [[15080.0, 5758.0], [4524.0, 2031.0]], "Accuracy": 0.6246486328624101, "F1Score": [0.7457593590821423, 0.2831846068042387], "F1Score_mean": 0.5144719829431905, "cputime_classifer": 200.73062825202942}