{"confusionmatrix": [[9398.0, 3688.0], [992.0, 667.0]], "Accuracy": 0.6826042726347915, "F1Score": [0.8006474697563468, 0.22181576321915528], "F1Score_mean": 0.5112316164877511, "cputime_classifer": 112.09302878379822}