{"TP": 140.0, "FP": 60.4, "TN": 94.6, "FN": 105.0, "Precision": 0.7039513075855116, "Recall": 0.5713156903262334, "F1Score": 0.6087741841646322, "Precision_nonsevere": 0.49536747396890235, "Recall_nonsevere": 0.5, "F1Score_nonsevere": 0.4955783634029484, "F1Score_Average": 0.5521762737837903, "cputime_preprocess": 12.853857493400573, "cputime_learner": 24.64384994506836, "cputime_classifer": 0.6735256671905517, "severe threshold": 0.0, "non severe threshold": 0.05, "random_seeds": 455980.6}