{"TP": 114.2, "FP": 50.5, "TN": 103.8, "FN": 131.5, "Precision": 0.6934602930673042, "Recall": 0.46470710916626123, "F1Score": 0.5432518839162784, "Precision_nonsevere": 0.4533159910784227, "Recall_nonsevere": 0.5, "F1Score_nonsevere": 0.4735403501798118, "F1Score_Average": 0.5083961170480451, "cputime_preprocess": 11.986071920394897, "cputime_learner": 26.856874680519105, "cputime_classifer": 0.874042272567749, "severe threshold": 0.0, "non severe threshold": 0.02, "random_seeds": 476256.2}