{"Avg Confusionmatrix": {"SVM": [[76.3, 78.7], [67.7, 177.3]], "MultinomialNB": [[70.3, 84.7], [51.9, 193.1]], "LogisticRegression": [[66.7, 88.3], [49.0, 196.0]], "DummyClassifier": [[0.0, 155.0], [0.0, 245.0]]}, "Accuracy": {"SVM": 0.634, "MultinomialNB": 0.6585, "LogisticRegression": 0.65675, "DummyClassifier": 0.6125}, "Avg F1-Score": {"SVM": [0.5096066646481326, 0.7076084294217515], "MultinomialNB": [0.5063264421781264, 0.7386762433920839], "LogisticRegression": [0.49194444868098686, 0.7405121228900786], "DummyClassifier": [0.0, 0.7594685588416314]}, "Avg Mean F1score": {"SVM": 0.608607547034942, "MultinomialNB": 0.6225013427851052, "LogisticRegression": 0.6162282857855327, "DummyClassifier": 0.3797342794208157}, "Avg Preprocess CPUTime": {"SVM": 0.13679022789001466, "MultinomialNB": 0.13679022789001466, "LogisticRegression": 0.13679022789001466, "DummyClassifier": 0.13679022789001466}, "Avg Learner CPUTime": {"SVM": 0.8474502801895142, "MultinomialNB": 0.009476590156555175, "LogisticRegression": 0.38937208652496336, "DummyClassifier": 0.00037555694580078126}, "Avg Classifer CPUTime": {"SVM": 0.17149364948272705, "MultinomialNB": 0.003384852409362793, "LogisticRegression": 0.014267516136169434, "DummyClassifier": 0.006107521057128906}}