{"Avg Confusionmatrix": {"SVM": [[79.0, 75.3], [68.8, 176.9]], "MultinomialNB": [[67.9, 86.4], [53.6, 192.1]], "LogisticRegression": [[69.4, 84.9], [51.6, 194.1]], "DummyClassifier": [[0.0, 154.3], [0.0, 245.7]]}, "Accuracy": {"SVM": 0.63975, "MultinomialNB": 0.6499999999999999, "LogisticRegression": 0.6587500000000001, "DummyClassifier": 0.61425}, "Avg F1-Score": {"SVM": [0.5211014669201873, 0.7105840154938672], "MultinomialNB": [0.49163974128121624, 0.7329281478311443], "LogisticRegression": [0.5034245661267944, 0.7397438592399077], "DummyClassifier": [0.0, 0.7608219168494995]}, "Avg Mean F1score": {"SVM": 0.6158427412070273, "MultinomialNB": 0.6122839445561802, "LogisticRegression": 0.6215842126833511, "DummyClassifier": 0.38041095842474976}, "Avg Preprocess CPUTime": {"SVM": 0.1426154613494873, "MultinomialNB": 0.1426154613494873, "LogisticRegression": 0.1426154613494873, "DummyClassifier": 0.1426154613494873}, "Avg Learner CPUTime": {"SVM": 0.7835717678070069, "MultinomialNB": 0.009446835517883301, "LogisticRegression": 0.40240912437438964, "DummyClassifier": 0.00037775039672851565}, "Avg Classifer CPUTime": {"SVM": 0.1640448808670044, "MultinomialNB": 0.003600311279296875, "LogisticRegression": 0.011798763275146484, "DummyClassifier": 0.005402064323425293}}