{"TP": 1.0, "FP": 8.5, "TN": 0.5, "FN": 0.0, "Precision": 0.10555555555555556, "Recall": 1.0, "F1Score": 0.19090909090909092, "Precision_nonsevere": 0.5, "Recall_nonsevere": 0.25, "F1Score_nonsevere": 0.3333333333333333, "F1Score_Average": 0.21666666666666665, "cputime_preprocess": 0.8099255561828613, "cputime_learner": 0.039191365242004395, "cputime_classifer": 0.0063866376876831055, "random_seeds": 828420.0}