{"TP": 9.6, "FP": 114.3, "TN": 56.5, "FN": 19.6, "Precision": 0.07707282657811541, "Recall": 0.32465944519570283, "F1Score": 0.12409698291214477, "Precision_nonsevere": 0.7415194295477157, "Recall_nonsevere": 0.5, "F1Score_nonsevere": 0.5970628941377527, "F1Score_Average": 0.36057993852494874, "cputime_preprocess": 0.2977004528045654, "cputime_learner": 0.2594824075698853, "cputime_classifer": 0.15364425182342528, "best_C_hyperparameter": 2.9, "random_seeds": 607849.1}