{"TP": 147.0, "FP": 35.0, "TN": 12.0, "FN": 6.0, "Precision": 0.8079871526830894, "Recall": 0.9602649006622517, "F1Score": 0.8770793174841152, "Precision_nonsevere": 0.7931034482758621, "Recall_nonsevere": 0.5, "F1Score_nonsevere": 0.6031746031746031, "F1Score_Average": 0.7401269603293592, "cputime_preprocess": 38.82222855091095, "cputime_learner": 22.366835832595825, "cputime_classifer": 0.10478353500366211, "severe threshold": 0.255, "non severe threshold": 0.45, "random_seeds": 632683.5}