{"confusionmatrix": [[16.0, 83.0], [0.0, 1.0]], "Accuracy": 0.17, "F1Score": [0.27826086956521745, 0.023529411764705882], "F1Score_mean": 0.27571355498721234, "cputime_classifer": 0.7592653036117554}