{"TP": 7.0, "FP": 1042.0, "TN": 941.0, "FN": 10.0, "Precision": 0.0067832858082912915, "Recall": 0.4097222222222222, "F1Score": 0.013341921236658078, "Precision_nonsevere": 0.9894116861138327, "Recall_nonsevere": 0.5, "F1Score_nonsevere": 0.6642968636288351, "F1Score_Average": 0.3388193924327466, "cputime_preprocess": 2.586740016937256, "cputime_learner": 37.78331685066223, "cputime_classifer": 0.9020174741744995, "random_seeds": 574632.5}