{"TP": 0.7, "FP": 183.4, "TN": 114.6, "FN": 1.3, "Precision": 0.003584479534911205, "Recall": 0.35, "F1Score": 0.007095482479125542, "Precision_nonsevere": 0.989292076457781, "Recall_nonsevere": 0.5, "F1Score_nonsevere": 0.6642664077346597, "F1Score_Average": 0.3356809451068926, "cputime_preprocess": 0.2640984058380127, "cputime_learner": 0.19133963584899902, "cputime_classifer": 0.25802657604217527, "best_C_hyperparameter": 0.23000000000000004, "random_seeds": 466454.1}