{"TP": 1.0, "FP": 10.0, "TN": 34.0, "FN": 5.0, "Precision": 0.09090909090909091, "Recall": 0.16666666666666666, "F1Score": 0.11764705882352942, "Precision_nonsevere": 0.8717948717948718, "Recall_nonsevere": 0.5, "F1Score_nonsevere": 0.6355140186915887, "F1Score_Average": 0.3765805387575591, "cputime_preprocess": 10.73706603050232, "cputime_learner": 3.6815766096115112, "cputime_classifer": 0.07408177852630615, "severe threshold": 0.0, "non severe threshold": 0.0, "random_seeds": 525445.5}