{"TP": 868.0, "FP": 1822.0, "TN": 2362.0, "FN": 427.0, "Precision": 0.3226667739085478, "Recall": 0.670725337723495, "F1Score": 0.435643936015785, "Precision_nonsevere": 0.84685089478556, "Recall_nonsevere": 0.5, "F1Score_nonsevere": 0.628733802822891, "F1Score_Average": 0.532188869419338, "cputime_preprocess": 123.1341849565506, "cputime_learner": 580.1651345491409, "cputime_classifer": 4.024244904518127, "severe threshold": 0.3, "non severe threshold": 0.8, "random_seeds": 322373.0}