{"TP": 9.0, "FP": 22.5, "TN": 17.0, "FN": 51.5, "Precision": 0.28245436105476673, "Recall": 0.14967195188627666, "F1Score": 0.19520264681555005, "Precision_nonsevere": 0.24903969270166454, "Recall_nonsevere": 0.5, "F1Score_nonsevere": 0.3318103940605368, "F1Score_Average": 0.26350652043804346, "cputime_preprocess": 0.8573369979858398, "cputime_learner": 0.12837505340576172, "cputime_classifer": 0.07588696479797363, "best_C_hyperparameter": 0.1, "random_seeds": 183148.5}