{"TP": 3.0, "FP": 7.0, "TN": 75.0, "FN": 15.0, "Precision": 0.3, "Recall": 0.16666666666666666, "F1Score": 0.21428571428571427, "Precision_nonsevere": 0.8333333333333334, "Recall_nonsevere": 0.5, "F1Score_nonsevere": 0.625, "F1Score_Average": 0.41964285714285715, "cputime_preprocess": 21.21910810470581, "cputime_learner": 17.41003394126892, "cputime_classifer": 0.1051778793334961, "severe threshold": 0.001, "non severe threshold": 0.4, "random_seeds": 410242.0}