{"TP": 19.0, "FP": 1978.5, "TN": 2.5, "FN": 0.0, "Precision": 0.009514150863006655, "Recall": 1.0, "F1Score": 0.018831346409420767, "Precision_nonsevere": 1.0, "Recall_nonsevere": 0.5, "F1Score_nonsevere": 0.6666666666666666, "F1Score_Average": 0.3427490065380437, "cputime_preprocess": 2.581103563308716, "cputime_learner": 37.28746461868286, "cputime_classifer": 1.4394643306732178, "random_seeds": 232102.5}