{"TP": 19.5, "FP": 41.5, "TN": 128.0, "FN": 11.0, "Precision": 0.319672131147541, "Recall": 0.645021645021645, "F1Score": 0.4268467606980636, "Precision_nonsevere": 0.920863309352518, "Recall_nonsevere": 0.5, "F1Score_nonsevere": 0.6480200526960235, "F1Score_Average": 0.5374334066970434, "cputime_preprocess": 0.9399645328521729, "cputime_learner": 0.27831101417541504, "cputime_classifer": 0.15536439418792725, "best_C_hyperparameter": 0.75, "random_seeds": 365157.0}