{"TP": 1122.4, "FP": 7797.0, "TN": 5289.0, "FN": 536.6, "Precision": 0.1258404380774137, "Recall": 0.676552139843279, "F1Score": 0.21220873615638972, "Precision_nonsevere": 0.9078855352210935, "Recall_nonsevere": 0.5, "F1Score_nonsevere": 0.6448558670835005, "F1Score_Average": 0.42853230161994527, "cputime_preprocess": 3.2484519720077514, "cputime_classifer": 10.650857758522033, "random_seeds": 475634.7}