{"TP": 131.7, "FP": 56.9, "TN": 128.1, "FN": 183.3, "Precision": 0.6985673556746892, "Recall": 0.41809523809523813, "F1Score": 0.5225572430667174, "Precision_nonsevere": 0.4114601634016797, "Recall_nonsevere": 0.5, "F1Score_nonsevere": 0.4513364745761006, "F1Score_Average": 0.48694685882140903, "cputime_preprocess": 0.3930198669433594, "cputime_learner": 0.4262437343597412, "cputime_classifer": 0.5106257200241089, "best_C_hyperparameter": 2.9, "random_seeds": 606058.7}