{"TP": 1.0, "FP": 1.0, "TN": 0.0, "FN": 0.0, "Precision": 0.5, "Recall": 1.0, "F1Score": 0.6666666666666666, "Precision_nonsevere": 0.0, "Recall_nonsevere": 0.0, "F1Score_nonsevere": 0.0, "F1Score_Average": 0.0, "cputime_preprocess": 2.7408320903778076, "cputime_learner": 0.02123117446899414, "cputime_classifer": 0.017720699310302734, "random_seeds": 380422.0}