{"TP": 8.0, "FP": 124.0, "TN": 160.0, "FN": 8.0, "Precision": 0.06060606060606061, "Recall": 0.5, "F1Score": 0.10810810810810813, "Precision_nonsevere": 0.9523809523809523, "Recall_nonsevere": 0.5, "F1Score_nonsevere": 0.6557377049180327, "F1Score_Average": 0.3819229065130704, "cputime_preprocess": 1.0445154905319214, "cputime_learner": 0.9050569534301758, "cputime_classifer": 0.1407545804977417, "random_seeds": 187448.0}