{"TP": 2.0, "FP": 245.0, "TN": 53.0, "FN": 0.0, "Precision": 0.008097165991902834, "Recall": 1.0, "F1Score": 0.01606425702811245, "Precision_nonsevere": 1.0, "Recall_nonsevere": 0.5, "F1Score_nonsevere": 0.6666666666666666, "F1Score_Average": 0.34136546184738953, "cputime_preprocess": 5.414459705352783, "cputime_learner": 0.3728787899017334, "cputime_classifer": 0.13492846488952637, "best_C_hyperparameter": 0.1, "random_seeds": 298895.0}