{"confusionmatrix": [[312.0, 101.0], [71.0, 16.0]], "Accuracy": 0.656, "F1Score": [0.7839195979899498, 0.1568627450980392], "F1Score_mean": 0.6748117055867573, "cputime_classifer": 3.6662070751190186}