{"Avg Confusionmatrix": {"SVM": [[3959.5, 224.5], [1067.0, 228.0]], "MultinomialNB": [[3831.5, 352.5], [946.0, 349.0]], "LogisticRegression": [[3944.0, 240.0], [1036.0, 259.0]], "DummyClassifier": [[4184.0, 0.0], [1295.0, 0.0]]}, "Accuracy": {"SVM": 0.764281803248768, "MultinomialNB": 0.7630041978463223, "LogisticRegression": 0.7671107866398978, "DummyClassifier": 0.7636430005475452}, "Avg F1-Score": {"SVM": [0.8597546510335017, 0.26036308256163476], "MultinomialNB": [0.8550638725500268, 0.34958312196444985], "LogisticRegression": [0.8607430839151862, 0.28839752201821167], "DummyClassifier": [0.8659622248921931, 0.0]}, "Avg Mean F1score": {"SVM": 0.5600588667975683, "MultinomialNB": 0.6023234972572383, "LogisticRegression": 0.5745703029666989, "DummyClassifier": 0.43298111244609655}, "Avg Preprocess CPUTime": {"SVM": 13.118971347808838, "MultinomialNB": 13.118971347808838, "LogisticRegression": 13.118971347808838, "DummyClassifier": 13.118971347808838}, "Avg Learner CPUTime": {"SVM": 7399.159754395485, "MultinomialNB": 5.544754862785339, "LogisticRegression": 17.696848511695862, "DummyClassifier": 0.03067803382873535}, "Avg Classifer CPUTime": {"SVM": 310.75057566165924, "MultinomialNB": 0.6421159505844116, "LogisticRegression": 0.5247986316680908, "DummyClassifier": 0.1383204460144043}}