{"Avg Confusionmatrix": {"SVM": [[23.0, 24.0], [22.0, 131.0]], "MultinomialNB": [[20.0, 27.0], [12.5, 140.5]], "LogisticRegression": [[16.0, 31.0], [11.0, 142.0]], "DummyClassifier": [[0.0, 47.0], [0.0, 153.0]]}, "Accuracy": {"SVM": 0.77, "MultinomialNB": 0.8025, "LogisticRegression": 0.79, "DummyClassifier": 0.765}, "Avg F1-Score": {"SVM": [0.496274393849793, 0.8509198249960466], "MultinomialNB": [0.49682034976152617, 0.8769597818677574], "LogisticRegression": [0.4293040293040293, 0.8712215320910973], "DummyClassifier": [0.0, 0.8668191485092894]}, "Avg Mean F1score": {"SVM": 0.6735971094229198, "MultinomialNB": 0.6868900658146417, "LogisticRegression": 0.6502627806975634, "DummyClassifier": 0.4334095742546447}, "Avg Preprocess CPUTime": {"SVM": 0.24090301990509033, "MultinomialNB": 0.24090301990509033, "LogisticRegression": 0.24090301990509033, "DummyClassifier": 0.24090301990509033}, "Avg Learner CPUTime": {"SVM": 0.1537264585494995, "MultinomialNB": 0.005117535591125488, "LogisticRegression": 0.023560047149658203, "DummyClassifier": 0.0003095865249633789}, "Avg Classifer CPUTime": {"SVM": 0.036022067070007324, "MultinomialNB": 0.004248619079589844, "LogisticRegression": 0.004512906074523926, "DummyClassifier": 0.0033506155014038086}}