{"Avg Confusionmatrix": {"SVM": [[74.0, 8.0], [13.0, 5.0]], "MultinomialNB": [[75.0, 7.0], [13.0, 5.0]], "LogisticRegression": [[81.0, 1.0], [15.0, 3.0]], "DummyClassifier": [[82.0, 0.0], [18.0, 0.0]]}, "Accuracy": {"SVM": 0.79, "MultinomialNB": 0.8, "LogisticRegression": 0.84, "DummyClassifier": 0.82}, "Avg F1-Score": {"SVM": [0.8757396449704142, 0.3225806451612903], "MultinomialNB": [0.8823529411764706, 0.33333333333333337], "LogisticRegression": [0.9101123595505618, 0.27272727272727276], "DummyClassifier": [0.9010989010989011, 0.0]}, "Avg Mean F1score": {"SVM": 0.5991601450658522, "MultinomialNB": 0.607843137254902, "LogisticRegression": 0.5914198161389173, "DummyClassifier": 0.45054945054945056}, "Avg Preprocess CPUTime": {"SVM": 0.1433718204498291, "MultinomialNB": 0.1433718204498291, "LogisticRegression": 0.1433718204498291, "DummyClassifier": 0.1433718204498291}, "Avg Learner CPUTime": {"SVM": 0.03295111656188965, "MultinomialNB": 0.003560304641723633, "LogisticRegression": 0.02597784996032715, "DummyClassifier": 0.0003871917724609375}, "Avg Classifer CPUTime": {"SVM": 0.017889976501464844, "MultinomialNB": 0.017498016357421875, "LogisticRegression": 0.0027818679809570312, "DummyClassifier": 0.0025217533111572266}}