{"Avg Confusionmatrix": {"SVM": [[179.0, 20.0], [1.0, 0.0]], "MultinomialNB": [[148.0, 51.0], [1.0, 0.0]], "LogisticRegression": [[196.0, 3.0], [1.0, 0.0]], "DummyClassifier": [[199.0, 0.0], [1.0, 0.0]]}, "Accuracy": {"SVM": 0.895, "MultinomialNB": 0.74, "LogisticRegression": 0.98, "DummyClassifier": 0.995}, "Avg F1-Score": {"SVM": [0.9445910290237467, 0.0], "MultinomialNB": [0.8505747126436781, 0.0], "LogisticRegression": [0.9898989898989898, 0.0], "DummyClassifier": [0.9974937343358395, 0.0]}, "Avg Mean F1score": {"SVM": 0.47229551451187335, "MultinomialNB": 0.42528735632183906, "LogisticRegression": 0.4949494949494949, "DummyClassifier": 0.49874686716791977}, "Avg Preprocess CPUTime": {"SVM": 0.1282050609588623, "MultinomialNB": 0.1282050609588623, "LogisticRegression": 0.1282050609588623, "DummyClassifier": 0.1282050609588623}, "Avg Learner CPUTime": {"SVM": 0.19077420234680176, "MultinomialNB": 0.0015799999237060547, "LogisticRegression": 0.01120615005493164, "DummyClassifier": 0.0001709461212158203}, "Avg Classifer CPUTime": {"SVM": 0.01032710075378418, "MultinomialNB": 0.003904104232788086, "LogisticRegression": 0.00310516357421875, "DummyClassifier": 0.003392934799194336}}