{
  "Severe Lexicons": {
    "active": {
      "ratio": -0.09278119358756597
    },
    "appear": {
      "ratio": -0.2031092087744456
    },
    "application": {
      "ratio": -0.09278119358756597
    },
    "cached": {
      "ratio": -0.07299305538575375
    },
    "caldav": {
      "ratio": -0.1280701004375025
    },
    "calendar": {
      "ratio": -0.07678180072202331
    },
    "cause": {
      "ratio": -0.05507704505174872
    },
    "change": {
      "ratio": -0.08239111325407764
    },
    "changing": {
      "ratio": -0.09278119358756597
    },
    "complete": {
      "ratio": -0.05507704505174872
    },
    "created": {
      "ratio": -0.13011615338869184
    },
    "data": {
      "ratio": -0.08239111325407764
    },
    "day": {
      "ratio": -0.13011615338869184
    },
    "dealing": {
      "ratio": -0.08239111325407764
    },
    "delete": {
      "ratio": -0.05507704505174872
    },
    "description": {
      "ratio": -0.07215326359906785
    },
    "error": {
      "ratio": -0.1202559564366587
    },
    "existing": {
      "ratio": -0.08239111325407764
    },
    "file": {
      "ratio": -0.05507704505174872
    },
    "google": {
      "ratio": -0.07215326359906785
    },
    "lightning": {
      "ratio": -0.05507704505174872
    },
    "malformed": {
      "ratio": -0.05507704505174872
    },
    "mangled": {
      "ratio": -0.07215326359906785
    },
    "many": {
      "ratio": -0.1202559564366587
    },
    "meeting": {
      "ratio": -0.07215326359906785
    },
    "microsoft": {
      "ratio": -0.07215326359906785
    },
    "need": {
      "ratio": -0.08239111325407764
    },
    "new": {
      "ratio": -0.07299305538575375
    },
    "next": {
      "ratio": -0.13011615338869184
    },
    "pane": {
      "ratio": -0.07299305538575375
    },
    "setting": {
      "ratio": -0.1202559564366587
    },
    "stored": {
      "ratio": -0.07215326359906785
    },
    "strategy": {
      "ratio": -0.08239111325407764
    },
    "team": {
      "ratio": -0.07215326359906785
    },
    "time": {
      "ratio": -0.09278119358756597
    },
    "timezone": {
      "ratio": -0.09278119358756597
    },
    "today": {
      "ratio": -0.07299305538575375
    },
    "tz": {
      "ratio": -0.08239111325407764
    },
    "update": {
      "ratio": -0.09278119358756597
    },
    "url": {
      "ratio": -0.05507704505174872
    },
    "view": {
      "ratio": -0.09278119358756597
    },
    "zimbra": {
      "ratio": -0.1202559564366587
    }
  },
  "NonSevere Lexicon": {
    "blank": {
      "ratio": 0.24369751975120568
    },
    "event": {
      "ratio": 0.04058831097676009
    },
    "not": {
      "ratio": 0.07792327077788597
    },
    "preview": {
      "ratio": 0.24369751975120568
    },
    "print": {
      "ratio": 0.24369751975120568
    },
    "printout": {
      "ratio": 0.24369751975120568
    },
    "well": {
      "ratio": 0.24369751975120568
    }
  }
}