{
  "Severe Lexicons": {
    "action": {
      "ratio": -0.012104844194054953
    },
    "activated": {
      "ratio": -0.026227737845079195
    },
    "affect": {
      "ratio": -0.024842645963522033
    },
    "appear": {
      "ratio": -0.027174278408455214
    },
    "area": {
      "ratio": -0.01627745032750131
    },
    "artifact": {
      "ratio": -0.013722015665051532
    },
    "assist": {
      "ratio": -0.009167182765609929
    },
    "attribute": {
      "ratio": -0.027947551429649862
    },
    "audio": {
      "ratio": -0.027174278408455214
    },
    "blank": {
      "ratio": -0.01627745032750131
    },
    "certain": {
      "ratio": -0.01627745032750131
    },
    "charset": {
      "ratio": -0.023238026721216207
    },
    "class": {
      "ratio": -0.026589122348994708
    },
    "cleanup": {
      "ratio": -0.024842645963522033
    },
    "clicking": {
      "ratio": -0.01627745032750131
    },
    "config": {
      "ratio": -0.012104844194054953
    },
    "content": {
      "ratio": -0.07362981777933122
    },
    "context": {
      "ratio": -0.038446239495883064
    },
    "correct": {
      "ratio": -0.03031495778903429
    },
    "cv": {
      "ratio": -0.022518053290062606
    },
    "datagrid": {
      "ratio": -0.03372533812018192
    },
    "decoration": {
      "ratio": -0.022518053290062606
    },
    "directive": {
      "ratio": -0.024842645963522033
    },
    "display": {
      "ratio": -0.013722015665051532
    },
    "disposed": {
      "ratio": -0.030571188015254613
    },
    "doubleclick": {
      "ratio": -0.03290559996250115
    },
    "dtd": {
      "ratio": -0.015497836383877535
    },
    "duplicate": {
      "ratio": -0.028104369596768517
    },
    "editing": {
      "ratio": -0.038446239495883064
    },
    "editor": {
      "ratio": -0.07400920050291931
    },
    "ee": {
      "ratio": -0.03624006895511414
    },
    "ejb": {
      "ratio": -0.026744821157489485
    },
    "element": {
      "ratio": -0.05232630876891079
    },
    "empty": {
      "ratio": -0.03917973186077992
    },
    "encoded": {
      "ratio": -0.0347825895588543
    },
    "encoding": {
      "ratio": -0.023238026721216207
    },
    "end": {
      "ratio": -0.012294379852786712
    },
    "entry": {
      "ratio": -0.028104369596768517
    },
    "exact": {
      "ratio": -0.023238026721216207
    },
    "excessive": {
      "ratio": -0.026227737845079195
    },
    "exclude": {
      "ratio": -0.03493858588909383
    },
    "explorer": {
      "ratio": -0.03624006895511414
    },
    "expression": {
      "ratio": -0.03031495778903429
    },
    "face": {
      "ratio": -0.012104844194054953
    },
    "facet": {
      "ratio": -0.026744821157489485
    },
    "file": {
      "ratio": -0.046887433752909255
    },
    "foregroudn": {
      "ratio": -0.03372549998963821
    },
    "format": {
      "ratio": -0.024534092532246546
    },
    "formatting": {
      "ratio": -0.024842645963522033
    },
    "function": {
      "ratio": -0.031089038709781792
    },
    "generates": {
      "ratio": -0.012294379852786712
    },
    "hardly": {
      "ratio": -0.03372549998963821
    },
    "highlighterhyperlinkpresenter": {
      "ratio": -0.024842758894002274
    },
    "html": {
      "ratio": -0.002351259475746651
    },
    "icon": {
      "ratio": -0.07403267450893636
    },
    "icu": {
      "ratio": -0.026589122348994708
    },
    "inconsistent": {
      "ratio": -0.024534092532246546
    },
    "incorrectly": {
      "ratio": -0.0347825895588543
    },
    "indexing": {
      "ratio": -0.03410432241754798
    },
    "inf": {
      "ratio": -0.048590052892452676
    },
    "item": {
      "ratio": -0.03372533812018192
    },
    "javascript": {
      "ratio": -0.031089038709781792
    },
    "jsp": {
      "ratio": -0.0644192802065823
    },
    "jstl": {
      "ratio": -0.031089038709781792
    },
    "junit": {
      "ratio": -0.023238026721216207
    },
    "label": {
      "ratio": -0.03372549998963821
    },
    "laid": {
      "ratio": -0.015497836383877535
    },
    "level": {
      "ratio": -0.038795503617563926
    },
    "lib": {
      "ratio": -0.048590052892452676
    },
    "library": {
      "ratio": -0.048590052892452676
    },
    "login": {
      "ratio": -0.03372533812018192
    },
    "menu": {
      "ratio": -0.038446239495883064
    },
    "missing": {
      "ratio": -0.04926287444755209
    },
    "model": {
      "ratio": -0.012294379852786712
    },
    "module": {
      "ratio": -0.026744821157489485
    },
    "multiline": {
      "ratio": -0.024842758894002274
    },
    "narrow": {
      "ratio": -0.004464663814116628
    },
    "new": {
      "ratio": -0.012294379852786712
    },
    "nicely": {
      "ratio": -0.015497836383877535
    },
    "node": {
      "ratio": -0.022518053290062606
    },
    "normalize": {
      "ratio": -0.026589122348994708
    },
    "not": {
      "ratio": -0.1136687316259665
    },
    "npe": {
      "ratio": -0.03290559996250115
    },
    "page": {
      "ratio": -0.002351259475746651
    },
    "parser": {
      "ratio": -0.03031495778903429
    },
    "patch": {
      "ratio": -0.026589122348994708
    },
    "perf": {
      "ratio": -0.03410432241754798
    },
    "performance": {
      "ratio": -0.03410432241754798
    },
    "perspective": {
      "ratio": -0.04874579113514181
    },
    "play": {
      "ratio": -0.027174278408455214
    },
    "plugins": {
      "ratio": -0.026227737845079195
    },
    "port": {
      "ratio": -0.03290559996250115
    },
    "property": {
      "ratio": -0.031775286711378845
    },
    "provider": {
      "ratio": -0.013722015665051532
    },
    "publishing": {
      "ratio": -0.028104369596768517
    },
    "readable": {
      "ratio": -0.03372549998963821
    },
    "region": {
      "ratio": -0.024842758894002274
    },
    "resource": {
      "ratio": -0.026227737845079195
    },
    "result": {
      "ratio": -0.004464663814116628
    },
    "returned": {
      "ratio": -0.03372533812018192
    },
    "revisit": {
      "ratio": -0.026589122348994708
    },
    "root": {
      "ratio": -0.012294379852786712
    },
    "run": {
      "ratio": -0.030571188015254613
    },
    "runtimes": {
      "ratio": -0.03493858588909383
    },
    "sample": {
      "ratio": -0.035159178393606
    },
    "save": {
      "ratio": -0.024209688388109905
    },
    "search": {
      "ratio": -0.03372533812018192
    },
    "sensitive": {
      "ratio": -0.023238026721216207
    },
    "server": {
      "ratio": -0.09268405231280367
    },
    "servlet": {
      "ratio": -0.04728785335144685
    },
    "setting": {
      "ratio": -0.027174278408455214
    },
    "sheet": {
      "ratio": -0.015497836383877535
    },
    "shown": {
      "ratio": -0.002351259475746651
    },
    "source": {
      "ratio": -0.046887433752909255
    },
    "start": {
      "ratio": -0.012294379852786712
    },
    "startup": {
      "ratio": -0.026227737845079195
    },
    "svn": {
      "ratio": -0.028104369596768517
    },
    "tag": {
      "ratio": -0.012294379852786712
    },
    "taglibcontextresolver": {
      "ratio": -0.027947551429649862
    },
    "test": {
      "ratio": -0.0583972051148222
    },
    "three": {
      "ratio": -0.012104844194054953
    },
    "time": {
      "ratio": -0.012104844194054953
    },
    "tomcat": {
      "ratio": -0.028104369596768517
    },
    "toolbar": {
      "ratio": -0.04728785335144685
    },
    "top": {
      "ratio": -0.038795503617563926
    },
    "underline": {
      "ratio": -0.024842758894002274
    },
    "use": {
      "ratio": -0.04031113801404623
    },
    "used": {
      "ratio": -0.023238026721216207
    },
    "validate": {
      "ratio": -0.027947551429649862
    },
    "validated": {
      "ratio": -0.03031495778903429
    },
    "validation": {
      "ratio": -0.10140739549699379
    },
    "var": {
      "ratio": -0.031089038709781792
    },